class,precision,recall,f1,support
NORMAL,0.9858979676482788,0.9952547103977669,0.9905542436449507,7165
E01_LOCK_LATCH,1.0,1.0,1.0,126
OBSTRUCTION,1.0,1.0,1.0,148
FRICTION_HIGH,0.9589285714285715,0.8703403565640194,0.9124893797790994,617
MISALIGNMENT,0.9952153110047847,1.0,0.9976019184652278,416
GEARBOX_WEAR,0.9943262411347518,0.9901129943502824,0.9922151450813871,708
E02_DETECTOR,0.9763948497854077,0.8633776091081594,0.9164149043303121,527
E07_CIRCUIT_CONTROLLER,0.8538461538461538,0.8538461538461538,0.8538461538461538,130
INDICATION_LEAKAGE,1.0,0.9883333333333333,0.9941324392288349,600
E03_LINE_RELAY,0.62882096069869,0.9113924050632911,0.7441860465116279,158
E05_CONTROL_RELAY,0.9920634920634921,0.9615384615384616,0.9765625,130
E04_MOTOR,0.9930313588850174,0.986159169550173,0.9895833333333334,289
E06_CABLE,1.0,1.0,1.0,135
SUPPLY_UNDERVOLTAGE,0.968,0.9166666666666666,0.9416342412451362,132
PHASE_LOSS,1.0,1.0,1.0,146
