epoch,loss,ce,rul,val_acc,val_macro_f1,val_rul_rmse,sec
0,2.8152131640638247,1.9199697417166635,2.9841445901524986,0.8122854879873272,0.05976140759805112,280.1593017578125,156.0
1,1.5703363222562774,1.283388393297223,0.9564930691997555,0.8695766962949926,0.3222540886939713,139.25399780273438,143.3
2,1.0081925267327683,0.8933452462403594,0.38282425721298236,0.9141951949309162,0.5062231885321492,111.84050750732422,142.7
3,0.7372486384816309,0.6430963792163615,0.3138408411461816,0.9317961805861128,0.6314274907190625,157.32069396972656,148.4
4,0.5590415223840975,0.4713257356243239,0.29238594011848335,0.9492211563847576,0.74960153149126,201.0812530517578,151.0
5,0.43647351247782584,0.3503894189185953,0.28694696376054607,0.9610138167737393,0.8242528986469393,177.31593322753906,149.9
6,0.38434340791054944,0.3012335636229366,0.27703280153105336,0.9603977822758074,0.8303230764178366,182.50962829589844,165.9
7,0.31598357771829816,0.2420765273882602,0.24635682266437828,0.9738625363020329,0.8960118253840664,194.5421905517578,166.4
8,0.26103836798536184,0.18824505090274424,0.2426443808876474,0.9719264278799613,0.8872858369316948,147.54046630859375,157.9
9,0.23567208869932074,0.17133355820313845,0.21446175917736074,0.9786148024289361,0.9173850680521933,130.0851593017578,163.8
10,0.20983203040929382,0.15177115508833236,0.19353624358087174,0.9784387925723841,0.9160885929962376,178.4351043701172,167.6
11,0.19931702046833738,0.14232940266506197,0.18995871859392158,0.9776467482179002,0.9119999250155211,190.01715087890625,163.5
12,0.1865138379281146,0.13392776345319102,0.175286906485227,0.9811669453489396,0.925109229649731,177.26649475097656,162.2
13,0.17158954467970394,0.12077756071680315,0.16937327274160302,0.9816069699903195,0.9274113908915208,174.02523803710938,153.6
14,0.16391940821757037,0.1153942580992722,0.1617504950017874,0.9750946052978967,0.9151924071496197,156.13441467285156,146.3
15,0.14774359844681842,0.10312957350430255,0.14871341068551466,0.9833670685558391,0.9336112472941639,147.5099639892578,156.2
16,0.14181853336735606,0.09724149353835528,0.14859012727285334,0.9813429552054915,0.9269000468765866,146.7804412841797,153.5
17,0.13267767805703154,0.09039620549756895,0.140938235858543,0.9814309601337675,0.928381886103245,174.95123291015625,147.8
18,0.12240857406254976,0.08343696079837534,0.12990537335200864,0.9819589897034234,0.9311063493986503,167.32150268554688,165.8
19,0.11344148466004349,0.07618539902966953,0.12418694679077222,0.9835430784123911,0.9342449566506416,139.5709991455078,148.3
20,0.11042332117164239,0.07088646033396065,0.13178953076312178,0.983983103053771,0.936028559020049,160.32432556152344,158.9
21,0.10063027256540612,0.0671325412305193,0.11165909905773626,0.9815189650620435,0.9284867548874843,146.60586547851562,157.2
22,0.09234447297580115,0.06042546900682655,0.10639667616266697,0.9855671917627387,0.942423443959078,153.38954162597656,6222.1
23,0.08530646291289697,0.055904567531772864,0.09800631459110207,0.9846871424799789,0.9409243573828667,147.252685546875,62235.6
24,0.08404731553491872,0.05404374219067502,0.10001190770451755,0.9848631523365309,0.9406600932273723,157.08331298828125,157.3
25,0.0790019372099816,0.05055602382196192,0.09481970717725205,0.9853031769779108,0.943152279989148,153.21795654296875,151.5
26,0.07303675092370596,0.04657823910068851,0.08819503542099523,0.9858312065475666,0.9448103154897687,156.88177490234375,139.7
27,0.07045696199281345,0.044425341369958106,0.08677206518022175,0.9854791868344628,0.9434363883377789,153.23316955566406,142.4
28,0.07006204665702946,0.0432953978606672,0.08922215860216469,0.9853031769779108,0.9430381776789204,160.2540740966797,144.0
29,0.0682701281058462,0.042666667640420895,0.08534486532913042,0.9857432016192906,0.9441096709977455,159.15553283691406,208.9
